index,instance,test_type,phase,time_elapsed,gens,cg,population,mr,er,value,bks_gap,lb_gap,penalized_time,solution
0,mtVRP1,I,GA-Genetic,2.67,250,75,100,0.2,0.25,1511.14,176.62,293.03,935.14,"{0: [0, 10, 5, 16, 17, 18, 48, 45, 38, 47, 29, 0, 28, 8, 20, 43, 2, 1, 3, 36, 35, 0], 1: [0, 14, 25, 19, 6, 34, 46, 21, 41, 37, 32, 0, 4, 0], 2: [0, 42, 13, 12, 33, 44, 39, 9, 49, 0], 3: [0, 23, 11, 30, 7, 15, 40, 31, 50, 27, 22, 26, 24, 0]}"
1,mtVRP1,I,GA-VND,1.43,250,75,100,0.2,0.25,748.79,37.07,94.75,186.29,"{0: [0, 37, 44, 17, 47, 12, 34, 21, 29, 16, 0, 48, 8, 22, 28, 3, 36, 35, 20, 2, 0], 1: [0, 25, 14, 6, 1, 5, 15, 19, 40, 41, 4, 0, 32, 46, 0], 2: [0, 18, 13, 42, 45, 33, 39, 49, 38, 0], 3: [0, 11, 9, 50, 30, 10, 23, 24, 43, 7, 26, 31, 27, 0]}"
2,mtVRP1,P1,GA-Genetic,80.93,250,750,1000,0.2,0.25,1460.35,167.32,279.82,884.35,"{0: [0, 23, 31, 22, 6, 7, 32, 4, 42, 39, 11, 33, 45, 0, 25, 12, 28, 10, 40, 44, 1, 36, 50, 14, 43, 0], 1: [0, 49, 30, 2, 9, 24, 41, 5, 13, 0], 2: [0, 8, 26, 46, 34, 35, 3, 48, 27, 29, 21, 17, 38, 0], 3: [0, 15, 19, 37, 16, 47, 18, 20, 0]}"
3,mtVRP1,P1,GA-VND,0.93,250,750,1000,0.2,0.25,834.28,52.72,116.99,289.2,"{0: [0, 27, 1, 26, 23, 6, 12, 37, 15, 10, 39, 33, 45, 0, 14, 25, 4, 19, 40, 42, 32, 28, 31, 7, 43, 0], 1: [0, 2, 9, 30, 49, 5, 41, 13, 24, 0], 2: [0, 46, 48, 8, 22, 3, 36, 35, 21, 34, 38, 44, 17, 0], 3: [0, 47, 18, 11, 16, 50, 29, 20, 0]}"
4,mtVRP1,G1,GA-Genetic,10.61,1000,75,100,0.2,0.25,1496.75,173.98,289.29,920.75,"{0: [0, 13, 26, 29, 2, 25, 38, 37, 40, 19, 7, 46, 21, 0, 12, 39, 28, 20, 3, 24, 17, 22, 35, 44, 0], 1: [0, 47, 14, 8, 1, 32, 42, 43, 48, 23, 31, 0], 2: [0, 16, 4, 36, 45, 49, 50, 10, 6, 18, 41, 0], 3: [0, 33, 15, 30, 34, 11, 27, 9, 5, 0]}"
5,mtVRP1,G1,GA-VND,1.36,1000,75,100,0.2,0.25,719.67,31.74,87.18,191.51,"{0: [0, 48, 26, 31, 2, 11, 38, 37, 42, 19, 40, 13, 0, 28, 3, 36, 35, 20, 29, 5, 44, 17, 47, 0], 1: [0, 14, 25, 24, 43, 7, 23, 8, 22, 1, 32, 0], 2: [0, 6, 18, 4, 41, 45, 10, 30, 50, 21, 16, 0], 3: [0, 46, 12, 15, 33, 39, 34, 9, 49, 27, 0]}"
6,mtVRP1,M1,GA-Genetic,2.74,250,75,100,0.8,0.25,1561.08,185.76,306.02,985.08,"{0: [0, 26, 35, 49, 21, 29, 48, 38, 30, 8, 36, 27, 0, 18, 13, 42, 14, 37, 17, 12, 39, 0], 1: [0, 5, 47, 2, 45, 23, 1, 41, 9, 24, 0, 16, 4, 0], 2: [0, 7, 40, 19, 44, 34, 3, 25, 20, 0], 3: [0, 28, 6, 43, 46, 22, 32, 31, 10, 33, 15, 50, 11, 0]}"
7,mtVRP1,M1,GA-VND,2.95,250,75,100,0.8,0.25,735.9,34.71,91.4,159.9,"{0: [0, 48, 8, 32, 50, 34, 30, 21, 35, 36, 3, 0, 25, 13, 41, 40, 19, 42, 37, 0], 1: [0, 47, 12, 0, 14, 24, 43, 7, 2, 16, 9, 38, 5, 0], 2: [0, 18, 4, 17, 44, 45, 39, 29, 20, 1, 27, 0], 3: [0, 46, 6, 23, 26, 31, 28, 22, 11, 49, 10, 33, 15, 0]}"
8,mtVRP1,E1,GA-Genetic,0.68,250,19,100,0.2,0.8,1549.84,183.7,303.1,973.84,"{0: [0, 19, 37, 23, 17, 41, 13, 11, 47, 4, 30, 24, 0, 8, 25, 33, 48, 45, 7, 26, 22, 16, 0], 1: [0, 46, 34, 39, 31, 29, 28, 36, 38, 50, 10, 43, 3, 0, 27, 0], 2: [0, 12, 21, 20, 1, 49, 15, 18, 44, 0], 3: [0, 9, 2, 6, 32, 5, 35, 42, 40, 14, 0]}"
9,mtVRP1,E1,GA-VND,1.13,250,19,100,0.2,0.8,752.38,37.73,95.69,189.42,"{0: [0, 47, 4, 41, 19, 42, 45, 33, 15, 17, 24, 23, 0, 12, 14, 25, 43, 7, 26, 8, 27, 0], 1: [0, 46, 0, 38, 10, 39, 34, 50, 29, 36, 3, 28, 31, 48, 6, 0], 2: [0, 32, 1, 22, 20, 21, 30, 49, 37, 18, 0], 3: [0, 11, 2, 35, 16, 9, 5, 44, 40, 13, 0]}"
10,mtVRP2,I,GA-Genetic,3.77,250,75,100,0.2,0.25,2442.14,192.19,373.89,1567.14,"{0: [0, 37, 30, 25, 73, 33, 2, 42, 22, 0, 40, 18, 11, 59, 19, 44, 0, 66, 67, 0], 1: [0, 31, 17, 51, 65, 75, 16, 8, 0, 39, 4, 13, 70, 28, 27, 12, 0], 2: [0, 21, 50, 26, 56, 57, 58, 0, 52, 35, 34, 7, 74, 46, 14, 0], 3: [0, 9, 64, 1, 43, 41, 69, 36, 68, 0, 54, 5, 10, 24, 47, 6, 55, 0], 4: [0, 71, 3, 29, 20, 49, 48, 62, 72, 32, 61, 0, 15, 63, 23, 38, 53, 45, 60, 0]}"
11,mtVRP2,I,GA-VND,3.58,250,75,100,0.2,0.25,1254.03,50.04,143.34,379.03,"{0: [0, 68, 28, 62, 73, 1, 33, 6, 0, 38, 65, 66, 59, 11, 0, 67, 26, 0], 1: [0, 51, 16, 25, 55, 31, 40, 12, 0, 75, 4, 30, 70, 13, 27, 8, 0], 2: [0, 57, 21, 74, 56, 50, 39, 17, 0, 7, 14, 19, 52, 46, 34, 0], 3: [0, 24, 41, 43, 42, 64, 69, 36, 47, 0, 44, 18, 9, 10, 54, 37, 5, 0], 4: [0, 63, 23, 22, 61, 71, 60, 20, 15, 48, 2, 0, 49, 3, 32, 72, 58, 53, 35, 29, 45, 0]}"
12,mtVRP2,P1,GA-Genetic,92.32,250,750,1000,0.2,0.25,2348.24,180.96,355.67,1473.24,"{0: [0, 37, 28, 33, 23, 10, 69, 12, 75, 0, 45, 22, 68, 38, 27, 13, 58, 71, 65, 0, 67, 0], 1: [0, 21, 8, 54, 52, 1, 47, 5, 0, 60, 72, 29, 30, 20, 14, 53, 0], 2: [0, 17, 40, 2, 57, 11, 0, 9, 31, 34, 18, 25, 44, 0], 3: [0, 6, 36, 74, 35, 4, 51, 41, 16, 3, 0, 64, 70, 15, 59, 61, 66, 7, 0], 4: [0, 19, 26, 32, 55, 46, 49, 56, 42, 0, 62, 73, 50, 63, 39, 24, 43, 48, 0]}"
13,mtVRP2,P1,GA-VND,4.07,250,750,1000,0.2,0.25,1269.27,51.86,146.3,394.27,"{0: [0, 33, 73, 62, 28, 74, 30, 45, 0, 1, 22, 71, 60, 70, 19, 11, 38, 0, 67, 0], 1: [0, 52, 8, 54, 13, 15, 20, 47, 21, 0, 29, 5, 12, 58, 53, 14, 0], 2: [0, 40, 17, 68, 2, 27, 34, 0, 72, 10, 31, 9, 25, 18, 44, 0], 3: [0, 4, 37, 36, 69, 61, 16, 3, 51, 6, 0, 41, 64, 7, 35, 59, 66, 65, 0], 4: [0, 39, 32, 50, 55, 24, 49, 56, 23, 0, 75, 63, 43, 42, 48, 57, 46, 26, 0]}"
14,mtVRP2,G1,GA-Genetic,15.05,1000,75,100,0.2,0.25,2399.43,187.08,365.6,1524.43,"{0: [0, 9, 15, 59, 66, 69, 37, 16, 64, 0, 45, 51, 58, 48, 72, 75, 1, 73, 39, 0], 1: [0, 26, 54, 52, 17, 25, 24, 2, 0, 31, 33, 70, 5, 7, 49, 57, 68, 74, 0], 2: [0, 6, 34, 42, 62, 41, 63, 65, 27, 60, 0, 43, 29, 21, 67, 53, 38, 0], 3: [0, 50, 10, 12, 36, 13, 18, 55, 19, 22, 0, 11, 32, 71, 47, 20, 0], 4: [0, 56, 23, 28, 4, 30, 61, 3, 0, 40, 14, 8, 35, 44, 46, 0]}"
15,mtVRP2,G1,GA-VND,0.26,1000,75,100,0.2,0.25,1726.68,106.59,235.06,851.68,"{0: [0, 9, 15, 59, 66, 69, 37, 16, 64, 0, 45, 51, 58, 48, 72, 75, 1, 73, 39, 0], 1: [0, 26, 52, 7, 31, 25, 24, 17, 0, 54, 57, 70, 5, 74, 2, 33, 49, 68, 0], 2: [0, 6, 62, 42, 41, 43, 63, 65, 34, 27, 0, 21, 60, 29, 67, 53, 38, 0], 3: [0, 22, 32, 12, 10, 55, 18, 50, 0, 11, 19, 13, 20, 71, 36, 47, 0], 4: [0, 3, 23, 56, 61, 28, 30, 4, 0, 44, 40, 35, 14, 8, 46, 0]}"
16,mtVRP2,M1,GA-Genetic,3.81,250,75,100,0.8,0.25,2355.89,181.87,357.15,1480.89,"{0: [0, 23, 18, 7, 6, 10, 13, 31, 72, 26, 0, 47, 63, 71, 1, 49, 55, 67, 29, 35, 43, 0, 17, 14, 0], 1: [0, 59, 37, 69, 73, 11, 53, 22, 0, 40, 12, 70, 21, 42, 48, 52, 0], 2: [0, 32, 65, 51, 56, 64, 24, 0, 74, 68, 5, 45, 34, 60, 15, 54, 0], 3: [0, 30, 44, 50, 38, 16, 8, 75, 0, 28, 9, 2, 61, 36, 19, 0], 4: [0, 62, 39, 66, 57, 20, 46, 0, 58, 27, 4, 33, 3, 25, 41, 0]}"
17,mtVRP2,M1,GA-VND,7.26,250,75,100,0.8,0.25,1187.34,42.06,130.4,312.34,"{0: [0, 51, 23, 49, 24, 18, 55, 25, 31, 10, 0, 28, 22, 64, 42, 63, 0, 46, 8, 7, 67, 0], 1: [0, 29, 37, 70, 71, 54, 59, 11, 53, 0, 12, 40, 73, 62, 61, 21, 48, 0], 2: [0, 72, 32, 50, 56, 41, 43, 1, 68, 0, 34, 52, 13, 15, 60, 5, 45, 0], 3: [0, 17, 44, 9, 38, 14, 19, 0, 6, 2, 47, 36, 69, 30, 75, 0], 4: [0, 58, 65, 66, 35, 57, 20, 27, 0, 26, 39, 3, 16, 33, 74, 4, 0]}"
18,mtVRP2,E1,GA-Genetic,0.97,250,19,100,0.2,0.8,2363.38,182.77,358.61,1488.38,"{0: [0, 34, 11, 48, 55, 19, 72, 58, 63, 35, 0, 10, 30, 26, 51, 8, 39, 65, 1, 0, 21, 70, 6, 22, 0], 1: [0, 24, 68, 44, 50, 23, 47, 71, 73, 0, 7, 62, 41, 28, 29, 13, 37, 27, 0], 2: [0, 40, 12, 16, 57, 2, 0, 59, 31, 36, 61, 3, 56, 52, 0], 3: [0, 66, 53, 14, 46, 75, 0, 4, 5, 25, 49, 18, 33, 9, 0], 4: [0, 17, 67, 64, 60, 45, 32, 0, 20, 38, 54, 69, 15, 74, 43, 42, 0]}"
19,mtVRP2,E1,GA-VND,8.69,250,19,100,0.2,0.8,1178.87,41.05,128.76,303.87,"{0: [0, 58, 38, 65, 10, 31, 39, 72, 26, 0, 12, 9, 66, 11, 7, 0, 42, 64, 61, 21, 68, 0], 1: [0, 51, 3, 44, 50, 24, 23, 71, 70, 37, 29, 0, 73, 1, 62, 28, 27, 13, 34, 0], 2: [0, 17, 40, 45, 57, 52, 19, 35, 0, 63, 43, 41, 56, 16, 0], 3: [0, 53, 14, 59, 46, 4, 0, 75, 6, 33, 49, 18, 55, 25, 32, 0], 4: [0, 30, 48, 47, 36, 69, 60, 20, 15, 0, 67, 8, 54, 5, 74, 22, 2, 0]}"
20,mtVRP3,I,GA-Genetic,3.78,250,75,100,0.2,0.25,2417.93,181.62,369.19,1541.93,"{0: [0, 27, 4, 47, 6, 31, 21, 0, 11, 22, 43, 2, 1, 64, 0], 1: [0, 53, 75, 18, 55, 29, 42, 62, 9, 0, 63, 19, 15, 20, 36, 41, 3, 25, 38, 69, 0], 2: [0, 67, 72, 8, 40, 17, 35, 46, 0, 26, 58, 10, 68, 44, 51, 57, 65, 0], 3: [0, 14, 48, 23, 12, 61, 28, 50, 0, 33, 49, 54, 37, 60, 16, 74, 30, 0], 4: [0, 34, 45, 39, 52, 24, 56, 71, 0, 59, 7, 0], 5: [0, 5, 13, 66, 32, 70, 73, 0]}"
21,mtVRP3,I,GA-VND,3.76,250,75,100,0.2,0.25,1349.2,57.14,161.81,511.21,"{0: [0, 5, 36, 69, 21, 50, 32, 0, 2, 22, 42, 64, 61, 28, 0], 1: [0, 31, 25, 55, 18, 41, 43, 33, 75, 0, 71, 60, 70, 20, 15, 63, 3, 38, 53, 19, 0], 2: [0, 17, 9, 72, 35, 8, 46, 67, 0, 68, 57, 14, 65, 10, 58, 44, 51, 0], 3: [0, 6, 16, 49, 23, 1, 62, 74, 4, 0, 12, 40, 54, 37, 47, 48, 30, 0], 4: [0, 34, 52, 59, 39, 24, 56, 73, 0, 26, 7, 0], 5: [0, 11, 66, 13, 27, 29, 45, 0]}"
22,mtVRP3,P1,GA-Genetic,92.08,250,750,1000,0.2,0.25,2321.5,170.39,350.48,1445.5,"{0: [0, 36, 60, 61, 32, 66, 21, 0, 75, 29, 41, 70, 47, 67, 50, 0], 1: [0, 40, 12, 72, 64, 69, 68, 73, 56, 0, 28, 71, 9, 55, 25, 58, 74, 3, 0], 2: [0, 19, 63, 4, 27, 1, 31, 23, 0, 38, 53, 46, 51, 33, 5, 0], 3: [0, 48, 26, 15, 13, 8, 10, 65, 35, 0, 20, 57, 52, 45, 22, 42, 24, 0], 4: [0, 30, 18, 11, 37, 2, 34, 0, 17, 62, 59, 43, 0], 5: [0, 39, 49, 44, 6, 16, 54, 14, 7, 0]}"
23,mtVRP3,P1,GA-VND,3.17,250,750,1000,0.2,0.25,1260.04,46.76,144.51,384.04,"{0: [0, 71, 60, 70, 20, 40, 32, 0, 5, 37, 36, 47, 61, 64, 42, 0], 1: [0, 3, 24, 56, 41, 69, 21, 74, 68, 0, 50, 18, 55, 25, 9, 72, 58, 12, 0], 2: [0, 4, 48, 1, 23, 63, 33, 51, 0, 31, 38, 53, 19, 27, 46, 0], 3: [0, 45, 29, 15, 57, 13, 35, 65, 10, 26, 0, 8, 52, 28, 22, 43, 73, 0], 4: [0, 75, 62, 2, 30, 67, 0, 34, 59, 66, 11, 17, 0], 5: [0, 39, 44, 49, 16, 6, 54, 14, 7, 0]}"
24,mtVRP3,G1,GA-Genetic,15.13,1000,75,100,0.2,0.25,2433.3,183.41,372.17,1557.3,"{0: [0, 73, 29, 44, 18, 38, 59, 8, 2, 0, 67, 60, 42, 31, 32, 28, 0], 1: [0, 69, 26, 17, 48, 36, 30, 19, 55, 0, 40, 39, 72, 37, 5, 62, 64, 0], 2: [0, 11, 12, 50, 20, 45, 0, 58, 24, 54, 35, 51, 14, 0], 3: [0, 66, 13, 53, 3, 6, 34, 0, 10, 9, 33, 74, 23, 75, 63, 0], 4: [0, 56, 49, 4, 70, 16, 25, 27, 1, 0, 47, 21, 71, 61, 15, 0], 5: [0, 7, 46, 22, 43, 68, 57, 41, 52, 65, 0]}"
25,mtVRP3,G1,GA-VND,8.26,1000,75,100,0.2,0.25,1226.89,42.9,138.07,364.42,"{0: [0, 7, 35, 8, 46, 67, 0, 54, 19, 59, 14, 0], 1: [0, 6, 45, 5, 20, 37, 36, 69, 48, 0, 72, 39, 9, 55, 32, 64, 62, 0], 2: [0, 51, 44, 50, 24, 73, 28, 30, 0, 26, 58, 11, 66, 65, 12, 0], 3: [0, 10, 38, 53, 13, 74, 2, 75, 0, 17, 40, 3, 16, 49, 23, 63, 33, 0], 4: [0, 68, 21, 47, 29, 4, 0, 31, 25, 18, 56, 42, 61, 71, 60, 70, 0], 5: [0, 27, 57, 15, 22, 41, 43, 1, 52, 34, 0]}"
26,mtVRP3,M1,GA-Genetic,3.82,250,75,100,0.8,0.25,2358.35,174.68,357.63,1482.35,"{0: [0, 17, 66, 65, 12, 15, 28, 3, 75, 0, 46, 69, 72, 8, 6, 67, 45, 57, 0], 1: [0, 1, 2, 70, 37, 32, 36, 64, 0, 21, 60, 5, 30, 62, 48, 29, 0], 2: [0, 59, 14, 55, 39, 34, 43, 49, 0, 33, 56, 40, 63, 51, 47, 0], 3: [0, 50, 16, 25, 24, 18, 23, 19, 42, 0, 4, 61, 38, 20, 10, 7, 0], 4: [0, 11, 31, 9, 44, 52, 0, 22, 58, 68, 35, 0], 5: [0, 53, 13, 27, 73, 26, 71, 74, 41, 54, 0]}"
27,mtVRP3,M1,GA-VND,5.08,250,75,100,0.8,0.25,1186.08,38.14,130.15,333.09,"{0: [0, 11, 65, 66, 59, 36, 69, 74, 0, 51, 3, 44, 27, 57, 15, 29, 45, 0], 1: [0, 1, 64, 21, 71, 60, 70, 20, 37, 0, 68, 30, 48, 2, 62, 6, 0], 2: [0, 35, 14, 53, 72, 39, 55, 40, 0, 28, 43, 56, 16, 63, 33, 0], 3: [0, 17, 25, 50, 18, 24, 49, 23, 42, 22, 0, 67, 46, 8, 7, 38, 10, 0], 4: [0, 58, 31, 9, 32, 12, 0, 4, 52, 34, 75, 0], 5: [0, 26, 19, 54, 13, 5, 47, 61, 41, 73, 0]}"
28,mtVRP3,E1,GA-Genetic,0.97,250,19,100,0.2,0.8,2307.42,168.75,347.75,1470.88,"{0: [0, 59, 5, 30, 36, 20, 1, 28, 74, 0, 14, 37, 68, 3, 75, 53, 22, 29, 0], 1: [0, 16, 45, 72, 56, 42, 9, 52, 0, 25, 33, 57, 61, 21, 69, 70, 0], 2: [0, 62, 27, 4, 11, 12, 73, 54, 0, 32, 49, 65, 6, 26, 15, 7, 60, 71, 13, 0], 3: [0, 24, 55, 38, 48, 31, 66, 0, 19, 44, 40, 34, 47, 43, 35, 0], 4: [0, 2, 51, 63, 64, 41, 23, 50, 0, 8, 17, 18, 0], 5: [0, 58, 10, 67, 46, 39, 0]}"
29,mtVRP3,E1,GA-VND,3.26,250,19,100,0.2,0.8,1287.58,49.97,149.85,481.7,"{0: [0, 4, 5, 37, 36, 21, 2, 0, 14, 59, 19, 29, 30, 68, 75, 0], 1: [0, 72, 9, 25, 16, 56, 42, 33, 0, 52, 27, 57, 20, 70, 69, 61, 28, 0], 2: [0, 7, 11, 65, 53, 34, 74, 62, 73, 0, 6, 49, 32, 12, 8, 54, 13, 15, 60, 71, 0], 3: [0, 24, 55, 31, 38, 66, 35, 0, 40, 44, 51, 43, 47, 48, 45, 0], 4: [0, 17, 3, 63, 23, 41, 64, 22, 1, 0, 26, 18, 50, 0], 5: [0, 39, 10, 58, 67, 46, 0]}"
30,mtVRP4,I,GA-Genetic,3.8,250,75,100,0.2,0.25,2393.94,176.25,364.54,1518.94,"{0: [0, 67, 40, 4, 62, 65, 41, 18, 70, 42, 0, 31, 11, 12, 3, 56, 1, 0], 1: [0, 69, 23, 52, 25, 55, 14, 53, 63, 0, 27, 33, 66, 35, 64, 48, 0], 2: [0, 21, 17, 68, 72, 10, 75, 22, 0, 73, 43, 58, 54, 34, 36, 60, 6, 0], 3: [0, 9, 38, 2, 37, 5, 19, 0, 20, 51, 45, 0], 4: [0, 28, 39, 8, 59, 13, 7, 44, 0], 5: [0, 16, 49, 32, 50, 71, 61, 74, 24, 0], 6: [0, 26, 47, 30, 46, 29, 15, 57, 0]}"
31,mtVRP4,I,GA-VND,4.44,250,75,100,0.2,0.25,1302.93,50.35,152.83,478.46,"{0: [0, 28, 22, 42, 41, 43, 65, 66, 0, 39, 9, 44, 16, 63, 33, 0], 1: [0, 32, 50, 18, 25, 55, 31, 53, 0, 35, 14, 52, 27, 48, 69, 74, 0], 2: [0, 68, 6, 17, 58, 10, 72, 73, 1, 62, 0, 75, 34, 54, 60, 36, 21, 0], 3: [0, 38, 11, 19, 20, 37, 5, 0, 40, 51, 2, 45, 0], 4: [0, 4, 13, 8, 59, 7, 12, 26, 0], 5: [0, 3, 24, 49, 23, 56, 64, 61, 71, 70, 0], 6: [0, 67, 46, 57, 15, 47, 29, 30, 0]}"
32,mtVRP4,P1,GA-Genetic,92.13,250,750,1000,0.2,0.25,2349.51,171.12,355.91,1474.51,"{0: [0, 30, 26, 45, 48, 71, 72, 34, 46, 9, 0, 19, 65, 33, 2, 28, 8, 0], 1: [0, 40, 23, 17, 15, 73, 16, 4, 0, 47, 68, 5, 70, 3, 10, 32, 18, 0], 2: [0, 50, 62, 25, 39, 60, 41, 42, 67, 0, 53, 59, 11, 57, 36, 13, 43, 0], 3: [0, 35, 31, 61, 22, 44, 24, 12, 49, 55, 0], 4: [0, 7, 51, 38, 58, 1, 20, 37, 74, 0], 5: [0, 69, 14, 52, 63, 27, 64, 56, 0], 6: [0, 66, 21, 6, 75, 29, 54, 0]}"
33,mtVRP4,P1,GA-VND,0.24,250,750,1000,0.2,0.25,1718.97,98.36,233.56,843.97,"{0: [0, 30, 26, 45, 48, 71, 72, 34, 46, 9, 0, 19, 65, 33, 2, 28, 8, 0], 1: [0, 17, 40, 3, 16, 73, 68, 4, 0, 5, 15, 70, 47, 23, 18, 32, 10, 0], 2: [0, 67, 13, 39, 25, 50, 41, 42, 43, 0, 53, 11, 59, 57, 60, 36, 62, 0], 3: [0, 12, 44, 61, 22, 49, 24, 55, 31, 35, 0], 4: [0, 7, 38, 58, 51, 1, 74, 20, 37, 0], 5: [0, 14, 52, 27, 63, 56, 64, 69, 0], 6: [0, 75, 6, 21, 29, 54, 66, 0]}"
34,mtVRP4,G1,GA-Genetic,15.06,1000,75,100,0.2,0.25,2302.84,165.74,346.86,1427.84,"{0: [0, 10, 39, 48, 47, 51, 9, 25, 50, 0, 5, 34, 11, 55, 61, 73, 74, 29, 0], 1: [0, 21, 4, 35, 12, 3, 49, 58, 0, 38, 52, 27, 19, 54, 1, 0], 2: [0, 53, 31, 68, 22, 56, 16, 30, 0, 40, 37, 67, 23, 13, 66, 0], 3: [0, 44, 41, 69, 60, 75, 63, 32, 62, 65, 72, 0, 8, 57, 70, 36, 0], 4: [0, 17, 71, 20, 33, 24, 26, 15, 0], 5: [0, 59, 28, 14, 18, 42, 43, 0], 6: [0, 45, 6, 46, 7, 2, 64, 0]}"
35,mtVRP4,G1,GA-VND,4.86,1000,75,100,0.2,0.25,1383.21,59.62,168.41,518.97,"{0: [0, 40, 12, 39, 9, 25, 50, 0, 35, 53, 31, 55, 18, 24, 68, 75, 0], 1: [0, 4, 8, 7, 26, 3, 49, 1, 2, 0, 27, 54, 19, 11, 10, 58, 0], 2: [0, 66, 38, 23, 56, 22, 74, 30, 0, 34, 48, 47, 37, 13, 67, 0], 3: [0, 5, 36, 69, 62, 41, 63, 44, 32, 72, 65, 0, 45, 57, 60, 70, 0], 4: [0, 15, 20, 71, 33, 16, 51, 17, 0], 5: [0, 59, 14, 52, 28, 43, 42, 73, 0], 6: [0, 46, 29, 21, 61, 64, 6, 0]}"
36,mtVRP4,M1,GA-Genetic,3.82,250,75,100,0.8,0.25,2486.17,186.89,382.43,1611.17,"{0: [0, 6, 24, 67, 33, 12, 13, 30, 0, 10, 1, 37, 60, 21, 38, 0], 1: [0, 5, 19, 48, 74, 61, 7, 29, 36, 72, 0, 17, 54, 34, 16, 25, 55, 42, 3, 0], 2: [0, 58, 15, 14, 41, 40, 31, 0, 4, 44, 51, 43, 46, 27, 0], 3: [0, 9, 50, 26, 20, 63, 28, 0, 53, 59, 66, 0], 4: [0, 11, 32, 52, 69, 70, 71, 75, 0], 5: [0, 56, 57, 68, 64, 8, 62, 35, 22, 49, 0], 6: [0, 47, 45, 18, 73, 23, 39, 2, 65, 0]}"
37,mtVRP4,M1,GA-VND,4.99,250,75,100,0.8,0.25,1359.08,56.83,163.72,484.08,"{0: [0, 4, 37, 20, 34, 67, 0, 6, 33, 16, 3, 44, 0], 1: [0, 7, 52, 29, 5, 48, 74, 36, 61, 42, 0, 54, 19, 58, 72, 25, 55, 32, 40, 0], 2: [0, 75, 1, 41, 43, 63, 51, 17, 0, 12, 31, 38, 14, 46, 27, 0], 3: [0, 26, 9, 50, 73, 28, 21, 0, 66, 59, 53, 0], 4: [0, 10, 11, 57, 15, 70, 60, 71, 69, 47, 0], 5: [0, 23, 56, 68, 35, 8, 13, 22, 64, 62, 0], 6: [0, 45, 30, 2, 49, 24, 18, 39, 65, 0]}"
38,mtVRP4,E1,GA-Genetic,0.97,250,19,100,0.2,0.8,2399.17,176.85,365.55,1524.17,"{0: [0, 13, 54, 62, 68, 49, 58, 8, 67, 26, 0, 37, 20, 11, 41, 60, 74, 73, 22, 0], 1: [0, 7, 47, 14, 35, 3, 39, 56, 0, 21, 10, 65, 71, 34, 27, 59, 70, 0], 2: [0, 29, 12, 38, 32, 19, 46, 18, 0, 75, 4, 57, 17, 6, 51, 16, 0], 3: [0, 5, 48, 31, 42, 33, 24, 0, 44, 0], 4: [0, 52, 45, 30, 25, 43, 36, 15, 69, 61, 72, 0], 5: [0, 64, 9, 55, 50, 66, 23, 0], 6: [0, 1, 40, 2, 28, 63, 53, 0]}"
39,mtVRP4,E1,GA-VND,5.85,250,19,100,0.2,0.8,1321.87,52.54,156.5,474.24,"{0: [0, 57, 15, 21, 64, 42, 41, 43, 1, 0, 37, 70, 20, 14, 59, 66, 0], 1: [0, 39, 10, 53, 35, 46, 34, 75, 0, 65, 11, 7, 27, 5, 60, 71, 47, 0], 2: [0, 4, 13, 54, 19, 38, 32, 18, 0, 67, 26, 12, 17, 3, 16, 6, 0], 3: [0, 30, 48, 2, 0, 33, 23, 56, 24, 44, 31, 0], 4: [0, 52, 8, 72, 25, 22, 61, 69, 36, 29, 45, 0], 5: [0, 68, 51, 49, 50, 55, 9, 0], 6: [0, 40, 58, 63, 73, 62, 28, 74, 0]}"
40,mtVRP5,I,GA-Genetic,4.97,250,75,100,0.2,0.25,3253.92,292.3,455.52,2385.92,"{0: [0, 85, 14, 32, 94, 6, 62, 48, 7, 33, 67, 70, 98, 28, 0, 63, 89, 17, 46, 40, 76, 71, 29, 64, 88, 3, 65, 100, 18, 78, 41, 38, 0], 1: [0, 12, 77, 26, 69, 4, 23, 80, 96, 61, 59, 1, 10, 57, 0, 39, 75, 22, 49, 25, 72, 99, 47, 93, 90, 60, 0], 2: [0, 50, 55, 27, 15, 36, 42, 9, 95, 87, 19, 91, 16, 8, 37, 52, 82, 0, 45, 83, 66, 20, 54, 79, 51, 30, 34, 74, 31, 35, 0], 3: [0, 53, 68, 58, 13, 43, 24, 11, 92, 84, 21, 44, 2, 81, 73, 0, 5, 97, 56, 86, 0]}"
41,mtVRP5,I,GA-VND,3.42,250,75,100,0.2,0.25,2073.26,149.96,253.96,1205.26,"{0: [0, 85, 14, 32, 94, 6, 62, 48, 7, 33, 67, 70, 98, 28, 0, 63, 89, 17, 46, 40, 76, 71, 29, 64, 88, 3, 65, 100, 18, 78, 41, 38, 0], 1: [0, 12, 77, 80, 25, 39, 23, 75, 59, 96, 99, 60, 69, 1, 0, 26, 4, 72, 22, 57, 93, 61, 47, 49, 90, 10, 0], 2: [0, 54, 55, 74, 15, 42, 87, 95, 52, 31, 19, 36, 82, 8, 45, 83, 0, 37, 91, 16, 30, 20, 66, 35, 34, 79, 9, 51, 50, 27, 0], 3: [0, 53, 58, 21, 73, 56, 24, 68, 81, 11, 0, 13, 2, 43, 97, 92, 5, 84, 86, 44, 0]}"
42,mtVRP5,P1,GA-Genetic,104.59,250,750,1000,0.2,0.25,3068.99,270.0,423.95,2200.99,"{0: [0, 18, 68, 100, 9, 44, 11, 84, 5, 48, 57, 16, 0, 98, 47, 94, 13, 56, 26, 99, 7, 88, 58, 73, 42, 29, 97, 0], 1: [0, 22, 2, 60, 66, 62, 69, 81, 39, 95, 25, 10, 74, 46, 0, 59, 96, 61, 91, 30, 49, 36, 20, 54, 38, 92, 17, 82, 32, 0], 2: [0, 85, 89, 76, 3, 71, 27, 14, 15, 4, 55, 23, 0, 65, 63, 33, 78, 31, 8, 41, 40, 12, 90, 50, 34, 28, 87, 43, 0], 3: [0, 19, 77, 35, 37, 93, 45, 64, 6, 53, 52, 79, 70, 72, 1, 21, 0, 51, 80, 24, 67, 75, 86, 83, 0]}"
43,mtVRP5,P1,GA-VND,20.12,250,750,1000,0.2,0.25,1326.49,59.92,126.46,458.49,"{0: [0, 69, 32, 63, 64, 49, 45, 17, 86, 38, 44, 59, 0, 87, 57, 2, 22, 41, 15, 42, 37, 95, 94, 0], 1: [0, 18, 7, 10, 70, 30, 20, 66, 81, 54, 25, 39, 56, 26, 0, 13, 97, 92, 98, 100, 91, 61, 5, 82, 47, 36, 46, 8, 60, 96, 1, 50, 0], 2: [0, 28, 12, 76, 27, 89, 85, 14, 43, 23, 55, 4, 0, 31, 90, 11, 52, 58, 40, 79, 9, 71, 65, 35, 34, 78, 80, 74, 73, 0], 3: [0, 77, 3, 53, 6, 99, 93, 16, 84, 83, 48, 19, 62, 88, 0, 51, 33, 68, 29, 24, 67, 75, 72, 21, 0]}"
44,mtVRP5,G1,GA-Genetic,19.86,1000,75,100,0.2,0.25,3191.67,284.79,444.9,2323.67,"{0: [0, 14, 28, 24, 72, 23, 49, 77, 94, 6, 38, 59, 0, 50, 55, 63, 45, 15, 31, 67, 9, 82, 64, 10, 90, 27, 70, 0], 1: [0, 93, 100, 39, 34, 18, 74, 19, 81, 65, 32, 51, 0, 16, 17, 98, 86, 46, 71, 13, 26, 11, 7, 21, 30, 43, 40, 0], 2: [0, 1, 8, 76, 66, 69, 85, 92, 47, 56, 79, 35, 88, 61, 0, 89, 62, 33, 29, 36, 2, 22, 75, 12, 73, 53, 48, 4, 0], 3: [0, 83, 58, 97, 87, 41, 20, 80, 54, 37, 96, 5, 84, 68, 0, 99, 25, 57, 3, 52, 60, 95, 78, 42, 44, 91, 0]}"
45,mtVRP5,G1,GA-VND,15.22,1000,75,100,0.2,0.25,1352.12,63.01,130.84,484.12,"{0: [0, 26, 54, 55, 25, 67, 23, 15, 43, 38, 14, 94, 0, 52, 88, 31, 10, 32, 63, 64, 49, 62, 0], 1: [0, 70, 30, 51, 50, 76, 40, 21, 74, 39, 34, 65, 71, 81, 0, 98, 16, 86, 17, 45, 46, 19, 7, 93, 100, 42, 13, 53, 0], 2: [0, 69, 1, 33, 79, 92, 85, 61, 47, 36, 11, 90, 20, 66, 35, 0, 28, 12, 77, 29, 24, 56, 75, 22, 73, 2, 18, 8, 48, 82, 0], 3: [0, 6, 95, 97, 87, 57, 41, 72, 4, 58, 5, 84, 83, 60, 89, 0, 80, 68, 3, 78, 9, 27, 96, 99, 44, 91, 37, 59, 0]}"
46,mtVRP5,M1,GA-Genetic,5.01,250,75,100,0.8,0.25,3231.28,289.57,451.66,2363.28,"{0: [0, 55, 92, 2, 48, 5, 72, 6, 26, 10, 58, 78, 22, 95, 37, 0, 53, 73, 87, 7, 24, 25, 41, 94, 33, 70, 20, 43, 30, 45, 18, 21, 40, 0], 1: [0, 85, 98, 69, 8, 28, 54, 80, 31, 29, 81, 47, 0, 82, 44, 1, 38, 17, 83, 88, 96, 15, 14, 75, 97, 16, 0], 2: [0, 3, 9, 93, 60, 36, 61, 91, 52, 64, 68, 11, 99, 42, 90, 34, 67, 0, 86, 12, 49, 4, 35, 79, 89, 57, 27, 63, 0], 3: [0, 76, 46, 66, 32, 62, 77, 65, 19, 84, 39, 59, 0, 13, 50, 71, 51, 23, 74, 100, 56, 0]}"
47,mtVRP5,M1,GA-VND,26.76,250,75,100,0.8,0.25,1201.46,44.85,105.12,333.46,"{0: [0, 13, 95, 85, 16, 86, 42, 57, 21, 40, 58, 0, 26, 4, 56, 22, 41, 89, 82, 48, 7, 52, 0], 1: [0, 6, 96, 5, 60, 18, 88, 31, 69, 1, 9, 81, 78, 29, 80, 28, 0, 62, 47, 8, 83, 98, 37, 100, 91, 44, 38, 14, 43, 15, 87, 0], 2: [0, 3, 33, 27, 99, 93, 17, 45, 36, 49, 64, 11, 92, 97, 2, 73, 72, 0, 53, 12, 68, 79, 34, 35, 20, 30, 70, 10, 0], 3: [0, 51, 71, 65, 66, 32, 90, 63, 19, 46, 84, 61, 59, 94, 0, 76, 50, 77, 24, 54, 55, 25, 39, 67, 23, 75, 74, 0]}"
48,mtVRP5,E1,GA-Genetic,1.27,250,19,100,0.2,0.8,3195.0,285.2,445.46,2327.0,"{0: [0, 4, 18, 7, 41, 56, 50, 12, 88, 90, 33, 30, 79, 71, 53, 36, 63, 76, 0, 86, 64, 35, 98, 59, 60, 16, 8, 54, 44, 84, 45, 0], 1: [0, 93, 14, 26, 67, 9, 20, 29, 80, 15, 77, 24, 13, 65, 0, 68, 72, 97, 70, 11, 62, 27, 75, 10, 19, 0], 2: [0, 47, 99, 91, 21, 82, 61, 3, 85, 49, 73, 43, 38, 92, 0, 31, 58, 5, 96, 42, 52, 34, 1, 55, 81, 89, 95, 57, 0], 3: [0, 25, 6, 46, 23, 100, 28, 39, 22, 40, 51, 94, 78, 0, 87, 37, 66, 69, 83, 48, 17, 74, 2, 32, 0]}"
49,mtVRP5,E1,GA-VND,29.49,250,19,100,0.2,0.8,1235.5,48.95,110.93,367.5,"{0: [0, 21, 74, 75, 56, 81, 9, 71, 35, 65, 66, 31, 88, 0, 94, 5, 84, 61, 16, 86, 44, 91, 0], 1: [0, 97, 14, 15, 41, 40, 69, 1, 77, 80, 68, 29, 24, 67, 4, 26, 0, 18, 82, 19, 11, 62, 10, 32, 51, 33, 50, 0], 2: [0, 90, 63, 64, 49, 36, 47, 45, 17, 85, 100, 42, 57, 43, 38, 92, 0, 89, 6, 96, 99, 95, 58, 53, 12, 34, 78, 79, 3, 76, 27, 0], 3: [0, 52, 7, 48, 46, 8, 83, 60, 22, 23, 39, 25, 55, 20, 30, 70, 0, 13, 59, 93, 98, 37, 87, 2, 73, 72, 54, 28, 0]}"
50,mtVRP6,I,GA-Genetic,5.0,250,75,100,0.2,0.25,3224.59,290.32,450.52,2316.59,"{0: [0, 83, 14, 74, 9, 90, 11, 42, 72, 21, 80, 31, 45, 24, 41, 38, 88, 82, 0, 79, 69, 66, 73, 25, 67, 61, 33, 86, 46, 27, 8, 64, 60, 0], 1: [0, 68, 2, 58, 96, 98, 39, 29, 1, 76, 35, 65, 40, 91, 92, 0, 23, 81, 87, 62, 37, 44, 56, 20, 99, 71, 3, 63, 0], 2: [0, 13, 16, 100, 70, 57, 95, 93, 51, 7, 22, 48, 18, 0, 54, 10, 89, 30, 19, 49, 55, 77, 52, 78, 50, 53, 0], 3: [0, 47, 43, 75, 28, 6, 94, 12, 26, 59, 5, 0, 85, 84, 97, 32, 17, 36, 15, 34, 4, 0]}"
51,mtVRP6,I,GA-VND,26.69,250,75,100,0.2,0.25,1250.15,51.32,113.43,343.7,"{0: [0, 77, 79, 78, 9, 70, 10, 31, 57, 15, 43, 14, 44, 91, 0, 12, 54, 55, 25, 39, 42, 38, 86, 17, 84, 60, 18, 0], 1: [0, 40, 73, 74, 56, 23, 67, 80, 68, 3, 34, 35, 65, 71, 0, 13, 87, 97, 92, 37, 100, 98, 99, 89, 1, 20, 66, 11, 62, 0], 2: [0, 53, 22, 41, 2, 95, 93, 16, 61, 83, 82, 19, 7, 52, 27, 0, 29, 24, 76, 88, 48, 49, 64, 63, 30, 51, 81, 33, 50, 0], 3: [0, 94, 58, 21, 72, 75, 4, 26, 28, 0, 6, 96, 59, 85, 5, 45, 8, 46, 36, 47, 90, 32, 69, 0]}"
52,mtVRP6,P1,GA-Genetic,104.5,250,750,1000,0.2,0.25,3095.87,274.74,428.54,2187.87,"{0: [0, 38, 28, 31, 85, 23, 3, 80, 56, 4, 62, 29, 0, 81, 10, 52, 41, 88, 73, 84, 2, 82, 59, 87, 5, 0], 1: [0, 66, 51, 14, 48, 19, 6, 27, 39, 30, 78, 25, 0, 67, 100, 61, 16, 86, 44, 83, 90, 49, 13, 0], 2: [0, 68, 24, 72, 26, 71, 11, 64, 94, 89, 7, 8, 1, 0, 95, 37, 18, 54, 93, 17, 45, 98, 65, 20, 33, 69, 53, 32, 0], 3: [0, 22, 99, 46, 57, 63, 55, 96, 74, 50, 34, 79, 9, 92, 21, 70, 75, 12, 0, 76, 47, 36, 91, 40, 58, 97, 35, 42, 43, 60, 77, 15, 0]}"
53,mtVRP6,P1,GA-VND,19.78,250,750,1000,0.2,0.25,1233.87,49.35,110.65,325.87,"{0: [0, 58, 40, 4, 54, 24, 29, 39, 56, 75, 0, 90, 63, 64, 49, 19, 60, 5, 59, 94, 0], 1: [0, 27, 51, 66, 30, 31, 6, 13, 2, 23, 67, 25, 55, 80, 0, 95, 100, 14, 44, 86, 16, 61, 83, 82, 62, 88, 0], 2: [0, 53, 26, 12, 68, 77, 3, 79, 10, 11, 7, 18, 89, 0, 87, 97, 37, 98, 93, 17, 45, 8, 32, 20, 65, 71, 33, 1, 69, 0], 3: [0, 96, 99, 92, 42, 57, 73, 72, 21, 76, 81, 78, 34, 35, 9, 70, 50, 28, 0, 52, 48, 47, 36, 46, 84, 85, 91, 38, 43, 15, 41, 22, 74, 0]}"
54,mtVRP6,G1,GA-Genetic,19.95,1000,75,100,0.2,0.25,3282.8,297.37,460.45,2374.8,"{0: [0, 24, 54, 95, 62, 46, 5, 47, 30, 97, 4, 26, 60, 10, 0, 20, 18, 43, 6, 21, 80, 92, 57, 79, 27, 8, 1, 32, 41, 82, 13, 53, 0], 1: [0, 29, 81, 39, 75, 99, 87, 89, 17, 88, 71, 7, 94, 70, 0, 31, 100, 86, 19, 3, 58, 33, 15, 93, 2, 40, 34, 0], 2: [0, 83, 61, 72, 52, 44, 23, 51, 68, 65, 0, 50, 66, 42, 36, 11, 59, 84, 74, 28, 37, 25, 69, 78, 22, 98, 96, 63, 0], 3: [0, 49, 64, 76, 85, 38, 45, 48, 56, 77, 9, 90, 0, 16, 91, 67, 12, 14, 73, 35, 55, 0]}"
55,mtVRP6,G1,GA-VND,36.72,1000,75,100,0.2,0.25,1245.5,50.76,112.64,337.5,"{0: [0, 30, 32, 90, 19, 48, 8, 17, 86, 16, 0, 58, 87, 42, 57, 73, 4, 24, 29, 79, 3, 0], 1: [0, 28, 76, 77, 80, 39, 75, 2, 97, 95, 60, 7, 62, 88, 31, 0, 33, 34, 71, 20, 70, 89, 6, 99, 85, 93, 59, 92, 13, 0], 2: [0, 53, 40, 21, 72, 74, 22, 23, 25, 54, 68, 12, 0, 52, 69, 1, 50, 78, 65, 66, 63, 11, 36, 46, 45, 84, 61, 100, 37, 98, 96, 0], 3: [0, 27, 10, 64, 49, 47, 82, 83, 5, 94, 0, 81, 35, 9, 51, 18, 91, 44, 38, 14, 43, 15, 41, 56, 67, 55, 26, 0]}"
56,mtVRP6,M1,GA-Genetic,5.01,250,75,100,0.8,0.25,3285.04,297.64,460.84,2377.04,"{0: [0, 48, 7, 88, 82, 91, 86, 47, 78, 92, 16, 80, 85, 3, 89, 0, 94, 43, 42, 58, 18, 5, 95, 50, 55, 26, 44, 9, 17, 90, 0], 1: [0, 45, 49, 87, 33, 34, 100, 2, 67, 56, 39, 53, 0, 68, 35, 6, 63, 52, 12, 30, 10, 73, 51, 24, 71, 15, 21, 83, 0], 2: [0, 74, 1, 60, 97, 59, 54, 8, 19, 93, 37, 41, 31, 72, 0, 65, 77, 81, 61, 22, 84, 14, 57, 46, 32, 27, 66, 99, 0], 3: [0, 29, 23, 11, 75, 38, 96, 13, 25, 40, 62, 69, 28, 0, 20, 76, 64, 36, 70, 4, 79, 98, 0]}"
57,mtVRP6,M1,GA-VND,24.03,250,75,100,0.8,0.25,1269.7,53.69,116.77,361.7,"{0: [0, 52, 7, 48, 82, 17, 86, 38, 44, 91, 85, 6, 89, 0, 53, 13, 94, 95, 58, 54, 24, 29, 34, 78, 0], 1: [0, 69, 49, 47, 8, 83, 60, 87, 2, 56, 67, 39, 4, 0, 51, 9, 35, 71, 30, 90, 63, 10, 33, 68, 80, 12, 21, 73, 40, 0], 2: [0, 50, 1, 31, 88, 18, 5, 84, 61, 16, 14, 43, 15, 57, 0, 74, 22, 41, 42, 100, 37, 45, 46, 19, 32, 66, 65, 81, 0], 3: [0, 26, 55, 25, 23, 75, 72, 97, 92, 98, 93, 59, 99, 96, 0, 27, 28, 76, 70, 62, 11, 36, 64, 20, 79, 3, 77, 0]}"
58,mtVRP6,E1,GA-Genetic,1.27,250,19,100,0.2,0.8,3240.43,292.24,453.22,2332.43,"{0: [0, 28, 67, 72, 23, 34, 51, 90, 15, 86, 82, 94, 0, 26, 45, 33, 48, 63, 56, 4, 1, 59, 2, 46, 74, 41, 97, 99, 70, 0], 1: [0, 95, 14, 24, 39, 30, 88, 7, 10, 19, 18, 17, 20, 64, 65, 0, 79, 89, 38, 91, 47, 92, 22, 54, 75, 5, 36, 69, 83, 73, 0], 2: [0, 43, 29, 35, 21, 87, 100, 3, 44, 9, 68, 49, 0, 25, 50, 61, 96, 58, 37, 62, 55, 12, 31, 93, 98, 0], 3: [0, 11, 81, 78, 27, 6, 80, 77, 8, 32, 13, 66, 84, 16, 57, 0, 85, 53, 40, 71, 60, 76, 52, 42, 0]}"
59,mtVRP6,E1,GA-VND,28.77,250,19,100,0.2,0.8,1226.96,48.52,109.47,318.96,"{0: [0, 73, 74, 56, 39, 4, 10, 64, 49, 36, 47, 46, 18, 89, 0, 82, 48, 7, 88, 31, 40, 21, 72, 58, 0], 1: [0, 26, 54, 24, 79, 51, 30, 70, 62, 19, 11, 63, 65, 20, 1, 0, 53, 94, 95, 92, 91, 14, 38, 15, 57, 2, 83, 8, 45, 17, 5, 0], 2: [0, 68, 29, 34, 35, 9, 69, 52, 61, 93, 98, 37, 59, 99, 96, 0, 50, 77, 55, 25, 67, 23, 75, 22, 41, 43, 44, 100, 97, 0], 3: [0, 27, 28, 76, 12, 80, 3, 33, 81, 78, 71, 66, 32, 90, 0, 6, 13, 87, 42, 85, 16, 86, 84, 60, 0]}"
60,mtVRP7,I,GA-Genetic,7.93,250,75,100,0.2,0.25,4826.33,366.49,709.12,3746.33,"{0: [0, 16, 26, 91, 39, 20, 89, 75, 144, 135, 113, 30, 74, 0, 54, 73, 106, 76, 137, 45, 105, 42, 13, 3, 110, 12, 0], 1: [0, 66, 23, 1, 7, 96, 18, 37, 116, 81, 90, 31, 119, 58, 0, 117, 103, 46, 67, 134, 102, 43, 114, 125, 5, 145, 80, 122, 0], 2: [0, 85, 139, 87, 120, 141, 111, 121, 142, 107, 147, 101, 130, 33, 8, 99, 128, 35, 0, 48, 108, 4, 98, 133, 51, 44, 21, 115, 32, 127, 60, 0], 3: [0, 132, 136, 72, 22, 78, 40, 50, 143, 150, 146, 52, 93, 27, 0, 88, 19, 69, 148, 79, 129, 34, 112, 126, 25, 94, 0], 4: [0, 109, 63, 104, 71, 61, 140, 10, 59, 53, 77, 95, 11, 49, 0, 47, 123, 41, 24, 55, 57, 64, 118, 28, 92, 68, 0], 5: [0, 82, 65, 70, 138, 6, 97, 17, 38, 15, 9, 124, 83, 62, 56, 131, 0, 100, 29, 14, 86, 149, 36, 2, 84, 0]}"
61,mtVRP7,I,GA-VND,56.49,250,75,100,0.2,0.25,1874.92,81.22,214.33,794.92,"{0: [0, 76, 49, 104, 30, 54, 106, 125, 124, 146, 25, 58, 14, 0, 10, 39, 89, 73, 117, 75, 105, 74, 34, 0], 1: [0, 18, 134, 23, 7, 102, 46, 37, 90, 103, 116, 31, 80, 1, 119, 0, 111, 13, 67, 95, 96, 24, 43, 114, 81, 5, 72, 33, 122, 0], 2: [0, 17, 145, 4, 143, 141, 87, 147, 44, 107, 45, 91, 127, 51, 120, 8, 60, 32, 0, 11, 139, 133, 98, 99, 26, 115, 121, 85, 35, 128, 29, 0], 3: [0, 12, 137, 92, 65, 93, 88, 40, 136, 94, 19, 150, 148, 142, 0, 78, 126, 118, 21, 79, 129, 22, 112, 69, 132, 47, 0], 4: [0, 63, 108, 123, 71, 77, 113, 140, 28, 3, 59, 20, 53, 130, 50, 0, 42, 64, 41, 66, 135, 55, 110, 68, 6, 57, 27, 0], 5: [0, 16, 84, 36, 70, 48, 138, 149, 109, 52, 15, 9, 62, 38, 144, 56, 0, 100, 2, 97, 86, 61, 82, 101, 131, 83, 0]}"
62,mtVRP7,P1,GA-Genetic,133.64,250,750,1000,0.2,0.25,4614.62,346.03,673.63,3534.62,"{0: [0, 16, 76, 104, 5, 120, 81, 27, 102, 29, 144, 63, 103, 0, 149, 109, 112, 101, 47, 61, 62, 43, 11, 38, 34, 0], 1: [0, 30, 99, 77, 93, 108, 24, 55, 67, 105, 31, 69, 23, 32, 0, 12, 79, 40, 133, 28, 121, 111, 114, 95, 56, 41, 135, 0], 2: [0, 137, 15, 48, 134, 147, 91, 139, 110, 92, 49, 146, 145, 96, 125, 66, 130, 0, 26, 116, 136, 143, 86, 138, 94, 37, 90, 50, 74, 53, 83, 82, 0], 3: [0, 78, 97, 141, 45, 142, 88, 44, 57, 98, 35, 10, 87, 8, 46, 0, 54, 118, 4, 25, 126, 3, 148, 85, 59, 127, 119, 80, 0], 4: [0, 73, 84, 131, 115, 89, 1, 22, 150, 19, 123, 60, 113, 0, 52, 122, 71, 9, 13, 124, 129, 20, 21, 18, 0], 5: [0, 58, 100, 70, 128, 117, 51, 68, 140, 75, 106, 17, 64, 107, 2, 6, 39, 65, 0, 33, 14, 72, 36, 7, 42, 132, 0]}"
63,mtVRP7,P1,GA-VND,49.89,250,750,1000,0.2,0.25,2067.25,99.81,246.57,1005.57,"{0: [0, 78, 11, 51, 1, 81, 27, 0, 144, 109, 4, 18, 7, 61, 26, 113, 82, 31, 119, 0], 1: [0, 30, 105, 34, 9, 56, 47, 24, 43, 99, 114, 69, 23, 48, 0, 37, 93, 40, 41, 55, 102, 120, 80, 60, 95, 67, 111, 135, 0], 2: [0, 137, 92, 94, 66, 96, 86, 110, 149, 146, 145, 147, 15, 91, 125, 90, 5, 0, 8, 140, 112, 134, 136, 103, 62, 104, 74, 50, 130, 53, 16, 126, 0], 3: [0, 45, 44, 87, 141, 88, 25, 97, 98, 57, 138, 49, 54, 10, 0, 17, 142, 148, 143, 46, 77, 127, 118, 79, 35, 85, 116, 3, 59, 0], 4: [0, 73, 89, 21, 84, 115, 28, 22, 139, 150, 19, 13, 133, 0, 63, 52, 123, 124, 122, 71, 29, 129, 20, 131, 83, 38, 0], 5: [0, 32, 100, 2, 128, 36, 121, 70, 101, 75, 117, 65, 42, 64, 58, 14, 0, 108, 107, 72, 33, 106, 39, 76, 12, 68, 132, 6, 0]}"
64,mtVRP7,G1,GA-Genetic,31.33,1000,75,100,0.2,0.25,4838.55,367.67,711.17,3758.55,"{0: [0, 98, 9, 17, 115, 130, 72, 92, 44, 66, 41, 55, 19, 28, 77, 0, 97, 96, 138, 26, 25, 71, 47, 111, 21, 14, 60, 144, 0], 1: [0, 104, 93, 145, 42, 95, 84, 122, 125, 120, 133, 5, 52, 90, 36, 0, 114, 149, 135, 75, 24, 103, 123, 150, 15, 43, 8, 108, 0], 2: [0, 39, 106, 45, 126, 58, 136, 107, 30, 57, 137, 110, 6, 54, 0, 89, 59, 68, 91, 10, 86, 139, 69, 142, 76, 78, 141, 67, 118, 121, 0], 3: [0, 143, 35, 20, 56, 33, 70, 53, 102, 61, 101, 87, 40, 134, 81, 0, 119, 112, 12, 82, 7, 109, 132, 73, 63, 0], 4: [0, 65, 147, 94, 117, 2, 129, 99, 22, 146, 48, 113, 0, 23, 80, 88, 100, 31, 37, 64, 3, 124, 148, 34, 0], 5: [0, 16, 79, 13, 49, 140, 131, 51, 105, 85, 29, 32, 127, 1, 27, 50, 0, 18, 4, 46, 62, 74, 11, 83, 128, 116, 38, 0]}"
65,mtVRP7,G1,GA-VND,59.83,1000,75,100,0.2,0.25,1887.06,82.39,216.36,807.06,"{0: [0, 50, 130, 104, 44, 92, 42, 19, 41, 136, 66, 4, 0, 98, 97, 43, 99, 114, 69, 23, 67, 13, 0], 1: [0, 137, 93, 65, 122, 125, 75, 21, 84, 36, 115, 90, 15, 52, 108, 103, 0, 145, 150, 135, 111, 25, 95, 96, 86, 7, 61, 8, 120, 0], 2: [0, 107, 45, 91, 71, 76, 49, 10, 54, 39, 89, 106, 37, 17, 142, 109, 0, 5, 38, 118, 126, 6, 57, 132, 24, 58, 133, 110, 68, 121, 59, 0], 3: [0, 53, 20, 35, 101, 70, 82, 140, 112, 134, 143, 87, 149, 56, 12, 0, 119, 60, 81, 102, 139, 47, 144, 63, 33, 73, 0], 4: [0, 123, 124, 72, 117, 34, 129, 3, 80, 31, 113, 26, 48, 138, 0, 100, 2, 22, 46, 148, 141, 94, 40, 88, 64, 147, 0], 5: [0, 16, 79, 74, 105, 30, 9, 62, 51, 1, 28, 116, 85, 128, 131, 32, 77, 0, 27, 14, 18, 55, 146, 78, 127, 29, 83, 11, 0]}"
66,mtVRP7,M1,GA-Genetic,7.86,250,75,100,0.8,0.25,4855.45,369.3,714.0,3775.45,"{0: [0, 77, 126, 138, 137, 6, 104, 90, 89, 5, 105, 84, 95, 13, 0, 135, 107, 30, 51, 141, 38, 113, 60, 46, 136, 127, 49, 134, 0], 1: [0, 52, 131, 35, 56, 92, 86, 54, 63, 125, 10, 82, 109, 91, 111, 0, 29, 3, 65, 129, 139, 121, 76, 19, 96, 43, 146, 47, 144, 0], 2: [0, 57, 99, 58, 39, 124, 7, 34, 73, 24, 110, 117, 101, 0, 118, 18, 69, 140, 93, 4, 150, 14, 67, 106, 72, 0], 3: [0, 55, 120, 83, 61, 68, 71, 97, 80, 115, 17, 79, 44, 88, 0, 20, 1, 9, 64, 133, 132, 25, 81, 149, 147, 128, 66, 0], 4: [0, 11, 40, 94, 148, 142, 23, 28, 45, 50, 12, 74, 122, 108, 130, 0, 48, 70, 98, 102, 26, 22, 8, 2, 75, 27, 42, 53, 36, 21, 0], 5: [0, 145, 32, 103, 112, 143, 62, 78, 15, 119, 123, 33, 87, 16, 0, 37, 59, 114, 100, 31, 116, 85, 41, 0]}"
67,mtVRP7,M1,GA-VND,79.17,250,75,100,0.8,0.25,1859.17,79.7,211.69,779.17,"{0: [0, 103, 5, 76, 104, 30, 105, 75, 39, 45, 136, 13, 0, 1, 80, 82, 140, 69, 97, 58, 18, 0], 1: [0, 52, 63, 144, 77, 29, 129, 54, 10, 72, 91, 65, 92, 109, 4, 0, 20, 3, 121, 35, 84, 139, 56, 146, 134, 25, 96, 86, 43, 57, 68, 0], 2: [0, 14, 133, 110, 55, 93, 33, 125, 73, 117, 89, 106, 0, 9, 118, 127, 22, 113, 114, 99, 24, 95, 67, 141, 150, 137, 0], 3: [0, 46, 81, 48, 132, 98, 112, 120, 101, 131, 128, 79, 50, 38, 0, 2, 83, 44, 64, 88, 40, 66, 111, 135, 149, 147, 17, 0], 4: [0, 12, 42, 19, 94, 148, 142, 102, 27, 51, 126, 49, 122, 124, 108, 0, 6, 23, 7, 61, 26, 31, 115, 36, 53, 21, 74, 34, 130, 11, 0], 5: [0, 78, 32, 119, 100, 16, 62, 90, 71, 123, 15, 107, 87, 41, 143, 0, 37, 145, 47, 138, 60, 8, 28, 70, 116, 85, 59, 0]}"
68,mtVRP7,E1,GA-Genetic,2.02,250,19,100,0.2,0.8,4761.01,360.17,698.17,3681.01,"{0: [0, 6, 99, 43, 91, 54, 73, 46, 14, 47, 135, 141, 45, 0, 95, 38, 58, 97, 60, 132, 104, 134, 57, 101, 4, 89, 10, 106, 0], 1: [0, 13, 80, 103, 51, 65, 122, 9, 138, 72, 86, 119, 8, 143, 0, 42, 49, 71, 100, 136, 77, 31, 35, 16, 98, 0], 2: [0, 62, 114, 22, 12, 48, 121, 39, 144, 137, 26, 148, 40, 93, 0, 78, 15, 117, 41, 126, 3, 11, 61, 32, 96, 81, 0], 3: [0, 34, 145, 150, 23, 68, 53, 147, 140, 115, 18, 74, 21, 85, 0, 129, 128, 70, 139, 66, 20, 131, 92, 19, 110, 25, 87, 90, 107, 29, 0], 4: [0, 125, 83, 79, 28, 50, 109, 17, 149, 37, 5, 33, 108, 130, 76, 56, 0, 59, 84, 102, 27, 52, 118, 94, 124, 142, 105, 30, 7, 133, 123, 0], 5: [0, 1, 116, 44, 146, 111, 36, 82, 88, 69, 55, 75, 127, 120, 67, 0, 112, 113, 64, 63, 2, 24, 0]}"
69,mtVRP7,E1,GA-VND,70.98,250,19,100,0.2,0.8,1991.37,92.48,233.85,911.37,"{0: [0, 98, 97, 86, 43, 99, 106, 73, 91, 45, 15, 0, 68, 133, 110, 18, 89, 117, 75, 105, 5, 0], 1: [0, 119, 51, 76, 71, 72, 122, 49, 9, 16, 31, 26, 8, 57, 6, 0, 103, 137, 42, 136, 13, 14, 27, 80, 35, 100, 0], 2: [0, 77, 81, 32, 11, 126, 62, 54, 39, 65, 93, 40, 41, 148, 0, 12, 144, 63, 22, 101, 3, 121, 114, 61, 48, 138, 0], 3: [0, 21, 74, 34, 104, 90, 147, 146, 47, 139, 60, 70, 115, 85, 128, 29, 0, 53, 129, 131, 20, 140, 23, 96, 95, 67, 66, 19, 150, 87, 142, 0], 4: [0, 38, 130, 50, 79, 84, 83, 127, 30, 10, 123, 124, 125, 33, 52, 37, 17, 145, 0, 78, 118, 59, 28, 7, 132, 25, 94, 141, 149, 4, 102, 46, 0], 5: [0, 56, 55, 134, 58, 24, 69, 112, 1, 2, 36, 116, 82, 113, 120, 0, 109, 143, 135, 111, 88, 64, 92, 107, 44, 108, 0]}"
70,mtVRP8,I,GA-Genetic,11.07,250,75,100,0.2,0.25,6396.42,392.02,871.23,5041.42,"{0: [0, 107, 139, 154, 61, 38, 63, 169, 141, 65, 16, 28, 162, 74, 0, 90, 32, 5, 130, 97, 133, 92, 137, 166, 0, 125, 109, 49, 121, 7, 31, 178, 142, 147, 86, 19, 88, 0, 93, 37, 36, 64, 8, 168, 12, 68, 127, 79, 67, 96, 0], 1: [0, 102, 129, 41, 158, 105, 66, 198, 104, 2, 30, 4, 0, 48, 116, 18, 77, 128, 167, 80, 143, 187, 95, 177, 188, 50, 55, 136, 0, 134, 15, 120, 84, 165, 146, 57, 132, 124, 173, 3, 110, 174, 114, 0, 150, 101, 185, 191, 159, 24, 75, 0], 2: [0, 113, 149, 155, 123, 47, 71, 54, 183, 10, 56, 119, 11, 197, 0, 180, 182, 22, 195, 59, 160, 29, 21, 43, 126, 72, 100, 0, 81, 53, 196, 118, 164, 25, 98, 1, 151, 9, 40, 0], 3: [0, 184, 171, 69, 20, 82, 108, 76, 45, 0, 112, 179, 26, 91, 94, 186, 135, 6, 163, 35, 148, 103, 23, 0, 181, 51, 152, 145, 192, 62, 33, 131, 85, 52, 27, 0], 4: [0, 138, 70, 34, 17, 172, 170, 140, 199, 46, 14, 153, 0, 44, 189, 190, 157, 122, 89, 42, 99, 78, 83, 175, 111, 161, 73, 0, 58, 156, 39, 87, 176, 193, 60, 106, 115, 144, 194, 117, 13, 0]}"
71,mtVRP8,I,GA-VND,283.58,250,75,100,0.2,0.25,2240.39,72.34,240.18,885.39,"{0: [0, 46, 8, 102, 19, 133, 14, 31, 162, 75, 163, 110, 97, 0, 125, 45, 98, 30, 54, 61, 0, 151, 3, 63, 24, 146, 147, 32, 187, 76, 0, 48, 174, 82, 121, 64, 28, 93, 186, 0], 1: [0, 159, 67, 198, 158, 41, 143, 42, 136, 191, 66, 157, 2, 152, 0, 95, 181, 18, 12, 65, 167, 128, 177, 77, 80, 131, 57, 50, 168, 0, 127, 132, 84, 134, 170, 38, 150, 79, 15, 124, 5, 0, 96, 105, 33, 86, 101, 94, 140, 114, 90, 185, 116, 74, 182, 0], 2: [0, 139, 59, 88, 37, 154, 123, 149, 100, 169, 10, 165, 164, 85, 11, 71, 0, 6, 195, 53, 1, 197, 43, 113, 142, 21, 173, 120, 196, 193, 0, 40, 130, 9, 161, 25, 56, 118, 72, 49, 183, 160, 0], 3: [0, 172, 171, 47, 155, 166, 20, 178, 35, 69, 51, 0, 179, 27, 22, 91, 184, 145, 135, 92, 148, 73, 117, 16, 188, 0, 26, 81, 126, 192, 62, 23, 104, 55, 129, 119, 52, 108, 0], 4: [0, 60, 111, 58, 29, 103, 36, 122, 138, 78, 180, 7, 0, 17, 44, 106, 107, 144, 89, 137, 141, 156, 153, 83, 13, 189, 109, 39, 0, 87, 4, 34, 99, 70, 176, 175, 112, 190, 115, 68, 199, 194, 0]}"
72,mtVRP8,P1,GA-Genetic,167.54,250,750,1000,0.2,0.25,6170.47,374.64,836.92,4815.47,"{0: [0, 108, 13, 71, 70, 111, 157, 140, 136, 149, 100, 41, 153, 25, 167, 170, 0, 12, 76, 23, 133, 14, 147, 21, 53, 181, 141, 150, 0, 151, 196, 134, 67, 143, 73, 42, 90, 177, 132, 164, 165, 0, 130, 89, 190, 47, 182, 116, 127, 84, 96, 117, 45, 122, 123, 119, 0], 1: [0, 78, 74, 188, 112, 173, 34, 105, 126, 128, 154, 83, 4, 0, 33, 125, 15, 95, 129, 29, 37, 174, 65, 54, 35, 101, 144, 0, 80, 22, 159, 113, 64, 194, 16, 110, 106, 46, 115, 43, 98, 0, 107, 145, 30, 189, 135, 85, 139, 193, 44, 18, 0], 2: [0, 146, 163, 19, 8, 172, 63, 32, 5, 124, 94, 36, 192, 0, 48, 109, 166, 198, 68, 137, 86, 118, 75, 39, 179, 40, 155, 0, 131, 97, 148, 99, 77, 168, 180, 187, 20, 49, 93, 1, 0], 3: [0, 6, 160, 7, 178, 31, 55, 60, 162, 156, 59, 186, 0, 51, 72, 197, 169, 69, 66, 50, 3, 81, 176, 103, 82, 91, 0, 184, 88, 24, 52, 121, 138, 58, 152, 2, 0], 4: [0, 61, 102, 27, 158, 185, 56, 92, 104, 195, 0, 10, 120, 87, 79, 17, 161, 57, 28, 183, 9, 0, 26, 114, 11, 62, 175, 38, 142, 171, 191, 199, 0]}"
73,mtVRP8,P1,GA-VND,351.25,250,750,1000,0.2,0.25,2109.68,62.28,220.33,754.68,"{0: [0, 125, 45, 111, 83, 13, 8, 102, 176, 46, 175, 0, 180, 69, 85, 134, 84, 14, 133, 177, 19, 78, 178, 0, 1, 191, 199, 42, 68, 185, 115, 117, 77, 165, 164, 170, 0, 41, 90, 143, 113, 141, 22, 156, 21, 173, 171, 48, 0], 1: [0, 126, 95, 105, 33, 193, 112, 139, 30, 98, 29, 79, 153, 0, 34, 65, 167, 99, 70, 128, 123, 15, 154, 37, 174, 140, 172, 120, 54, 0, 194, 197, 43, 190, 160, 23, 144, 24, 145, 135, 146, 73, 159, 67, 0, 151, 181, 147, 110, 189, 80, 119, 150, 71, 188, 96, 0], 2: [0, 157, 4, 87, 76, 97, 130, 35, 59, 47, 155, 36, 64, 101, 86, 0, 124, 20, 166, 122, 137, 89, 74, 49, 63, 107, 106, 44, 168, 0, 32, 72, 118, 148, 163, 75, 131, 39, 109, 16, 198, 53, 0], 3: [0, 6, 149, 51, 7, 50, 12, 55, 3, 182, 192, 196, 186, 66, 0, 187, 162, 31, 129, 169, 100, 26, 60, 127, 152, 2, 0, 184, 93, 94, 121, 82, 138, 88, 5, 103, 0], 4: [0, 81, 108, 11, 52, 17, 183, 62, 116, 18, 92, 25, 56, 0, 58, 27, 179, 132, 38, 10, 57, 9, 161, 40, 0, 61, 28, 114, 142, 91, 136, 158, 104, 195, 0]}"
74,mtVRP8,G1,GA-Genetic,44.42,1000,75,100,0.2,0.25,6367.67,389.81,866.86,5012.67,"{0: [0, 95, 43, 141, 87, 77, 23, 160, 170, 197, 161, 73, 46, 135, 169, 19, 0, 194, 62, 45, 106, 67, 174, 157, 9, 149, 0, 12, 59, 68, 115, 104, 34, 83, 123, 100, 179, 134, 173, 24, 0, 148, 191, 156, 30, 150, 176, 113, 139, 22, 185, 85, 119, 108, 0], 1: [0, 10, 180, 130, 163, 39, 186, 126, 81, 193, 15, 0, 60, 88, 66, 198, 53, 146, 171, 49, 69, 56, 55, 71, 13, 145, 0, 33, 111, 137, 124, 20, 94, 196, 98, 48, 18, 57, 0, 28, 167, 151, 109, 155, 42, 6, 138, 35, 128, 76, 0], 2: [0, 188, 21, 172, 142, 40, 29, 187, 74, 184, 125, 0, 84, 75, 31, 25, 50, 27, 92, 37, 17, 190, 96, 91, 7, 0, 147, 110, 11, 154, 158, 181, 143, 3, 165, 0], 3: [0, 132, 80, 79, 152, 177, 159, 26, 189, 178, 78, 32, 52, 164, 0, 65, 102, 129, 114, 199, 183, 1, 58, 36, 144, 14, 192, 0, 93, 118, 90, 64, 5, 131, 103, 166, 82, 0], 4: [0, 2, 133, 51, 54, 86, 153, 97, 89, 4, 107, 8, 0, 47, 105, 44, 41, 16, 121, 182, 120, 122, 112, 195, 117, 0, 63, 162, 72, 101, 99, 168, 38, 127, 136, 140, 116, 175, 61, 70, 0]}"
75,mtVRP8,G1,GA-VND,283.43,1000,75,100,0.2,0.25,2082.63,60.2,216.23,727.63,"{0: [0, 197, 184, 42, 68, 143, 62, 116, 144, 145, 135, 92, 148, 163, 110, 0, 33, 193, 195, 104, 67, 16, 0, 2, 157, 98, 83, 13, 123, 128, 70, 65, 34, 4, 0, 125, 58, 27, 133, 84, 134, 85, 164, 165, 119, 129, 71, 100, 0], 1: [0, 87, 35, 180, 69, 10, 57, 39, 109, 130, 81, 0, 66, 1, 192, 198, 53, 49, 73, 146, 18, 118, 161, 169, 167, 179, 0, 194, 196, 141, 22, 94, 155, 20, 124, 15, 79, 26, 12, 76, 151, 95, 126, 0, 61, 28, 82, 138, 88, 48, 120, 0], 2: [0, 86, 156, 142, 91, 113, 137, 74, 24, 147, 181, 3, 0, 56, 25, 75, 31, 45, 29, 154, 37, 186, 43, 190, 96, 188, 0, 17, 40, 187, 9, 38, 11, 108, 7, 175, 0], 3: [0, 50, 189, 131, 80, 77, 52, 170, 14, 177, 78, 178, 102, 132, 149, 0, 101, 64, 93, 136, 199, 41, 90, 115, 160, 23, 183, 159, 32, 97, 0, 152, 139, 30, 59, 5, 103, 166, 36, 173, 171, 0], 4: [0, 127, 46, 176, 8, 19, 150, 51, 60, 54, 191, 158, 0, 6, 117, 55, 44, 106, 63, 185, 89, 114, 140, 121, 21, 0, 168, 162, 72, 107, 182, 105, 112, 172, 47, 174, 122, 153, 99, 111, 0]}"
76,mtVRP8,M1,GA-Genetic,11.06,250,75,100,0.8,0.25,6440.91,395.45,877.98,5085.91,"{0: [0, 88, 119, 152, 194, 80, 32, 145, 105, 128, 122, 164, 107, 46, 0, 193, 95, 154, 59, 144, 77, 91, 170, 27, 187, 123, 157, 30, 191, 66, 159, 112, 0, 3, 53, 2, 56, 197, 36, 31, 181, 139, 60, 28, 0, 148, 42, 141, 71, 78, 52, 5, 47, 45, 199, 160, 58, 149, 0], 1: [0, 11, 138, 67, 29, 153, 167, 85, 0, 198, 135, 124, 64, 131, 110, 178, 41, 117, 165, 49, 97, 83, 0, 61, 100, 26, 158, 155, 93, 111, 69, 171, 102, 0, 33, 81, 115, 94, 101, 7, 19, 37, 121, 184, 35, 0], 2: [0, 34, 173, 183, 189, 13, 14, 185, 116, 127, 186, 180, 0, 10, 4, 168, 179, 25, 18, 137, 72, 24, 86, 140, 126, 0, 16, 68, 114, 43, 192, 195, 62, 82, 40, 120, 188, 0], 3: [0, 57, 125, 84, 176, 70, 54, 196, 172, 15, 39, 142, 130, 0, 17, 118, 73, 104, 98, 87, 169, 182, 51, 8, 177, 22, 0, 9, 89, 133, 50, 174, 12, 48, 134, 136, 20, 75, 38, 161, 0], 4: [0, 147, 151, 21, 113, 156, 90, 103, 108, 106, 76, 190, 0, 6, 166, 79, 163, 146, 143, 1, 150, 175, 132, 63, 0, 109, 23, 129, 55, 92, 162, 74, 44, 96, 65, 99, 0]}"
77,mtVRP8,M1,GA-VND,342.34,250,75,100,0.8,0.25,2036.92,56.68,209.28,681.92,"{0: [0, 17, 40, 97, 110, 25, 56, 118, 72, 0, 46, 176, 35, 108, 52, 11, 134, 14, 133, 128, 70, 99, 0, 33, 193, 1, 191, 158, 192, 23, 24, 145, 73, 117, 0, 89, 137, 142, 114, 47, 103, 5, 29, 98, 30, 0], 1: [0, 127, 7, 69, 78, 178, 8, 102, 167, 83, 111, 0, 67, 159, 49, 106, 109, 85, 164, 165, 80, 131, 100, 26, 81, 0, 152, 101, 28, 64, 173, 155, 138, 37, 88, 59, 48, 0, 197, 199, 41, 115, 184, 66, 112, 172, 171, 120, 139, 0], 2: [0, 87, 4, 27, 179, 65, 34, 188, 183, 116, 62, 185, 160, 0, 60, 180, 119, 77, 10, 189, 31, 148, 18, 76, 126, 0, 21, 94, 156, 93, 186, 42, 68, 190, 43, 198, 195, 86, 2, 157, 0], 3: [0, 54, 125, 58, 13, 123, 15, 154, 20, 36, 174, 82, 121, 196, 194, 0, 61, 104, 182, 107, 181, 187, 130, 12, 50, 51, 177, 19, 0, 149, 84, 170, 38, 169, 168, 95, 22, 141, 91, 136, 9, 75, 57, 39, 0], 4: [0, 105, 53, 90, 143, 113, 140, 122, 166, 124, 79, 153, 45, 0, 6, 96, 16, 74, 144, 63, 129, 71, 150, 132, 175, 0, 3, 147, 146, 135, 92, 163, 162, 161, 32, 44, 55, 151, 0]}"
78,mtVRP8,E1,GA-Genetic,2.82,250,19,100,0.2,0.8,6333.65,387.2,861.7,4978.65,"{0: [0, 14, 8, 188, 66, 30, 94, 174, 140, 162, 173, 33, 82, 160, 153, 0, 71, 133, 169, 195, 40, 85, 183, 113, 167, 79, 21, 0, 9, 184, 56, 136, 172, 164, 31, 38, 119, 0, 158, 198, 191, 159, 63, 13, 102, 77, 189, 87, 150, 42, 168, 60, 86, 29, 0], 1: [0, 111, 100, 157, 90, 62, 36, 41, 12, 1, 146, 99, 0, 65, 197, 57, 52, 132, 22, 19, 101, 18, 163, 53, 76, 194, 145, 64, 25, 0, 171, 166, 105, 61, 6, 130, 176, 178, 72, 59, 78, 0, 39, 179, 109, 89, 104, 196, 0], 2: [0, 20, 54, 148, 161, 48, 122, 170, 120, 68, 92, 0, 143, 44, 155, 182, 49, 138, 45, 103, 7, 141, 180, 125, 114, 0, 67, 55, 4, 28, 199, 156, 118, 129, 75, 0], 3: [0, 97, 51, 88, 128, 50, 110, 117, 84, 192, 116, 127, 147, 0, 185, 24, 32, 135, 149, 69, 81, 181, 144, 47, 0, 115, 190, 74, 137, 70, 139, 5, 142, 106, 186, 96, 134, 95, 3, 0], 4: [0, 83, 126, 112, 17, 151, 131, 43, 154, 165, 37, 98, 0, 107, 16, 193, 58, 175, 27, 26, 93, 80, 11, 34, 0, 152, 124, 2, 15, 23, 73, 35, 108, 177, 123, 46, 91, 10, 187, 121, 0]}"
79,mtVRP8,E1,GA-VND,391.25,250,19,100,0.2,0.8,2119.11,63.01,221.76,764.11,"{0: [0, 125, 98, 5, 103, 47, 173, 21, 54, 0, 180, 84, 134, 85, 164, 165, 11, 2, 157, 0, 198, 53, 192, 67, 163, 31, 162, 75, 40, 17, 0, 187, 97, 9, 77, 38, 119, 129, 169, 12, 168, 126, 0], 1: [0, 61, 33, 194, 1, 42, 89, 41, 90, 62, 145, 63, 0, 127, 178, 78, 35, 132, 151, 104, 23, 146, 18, 25, 56, 72, 0, 66, 196, 22, 93, 156, 94, 121, 82, 174, 36, 166, 171, 139, 0, 111, 99, 179, 34, 26, 100, 50, 57, 39, 109, 130, 0], 2: [0, 150, 52, 170, 69, 167, 13, 79, 122, 140, 114, 141, 152, 0, 44, 55, 49, 182, 105, 48, 59, 88, 20, 138, 155, 172, 120, 30, 0, 184, 199, 113, 68, 143, 185, 92, 148, 118, 0], 3: [0, 4, 87, 58, 70, 128, 133, 14, 177, 7, 51, 149, 0, 96, 188, 117, 181, 147, 135, 110, 161, 32, 106, 3, 95, 0, 160, 115, 190, 197, 136, 101, 64, 28, 142, 137, 116, 144, 24, 74, 183, 0], 4: [0, 81, 71, 10, 189, 131, 80, 108, 19, 123, 83, 15, 154, 124, 37, 45, 0, 16, 159, 193, 112, 86, 186, 91, 43, 191, 158, 195, 6, 0, 29, 153, 27, 107, 73, 76, 8, 102, 176, 65, 46, 175, 60, 0]}"